Id,Created,Flair,Upvotes,Comments,Upvote_Ratio,Crossposts
18ukf4z,2023-12-30 22:44:40,Space,35,2,0.93,0
18uhp77,2023-12-30 20:41:14,Environment,185,2,0.97,0
18u2rsg,2023-12-30 06:31:35,,55,0,0.86,0
18tve0n,2023-12-30 01:07:19,Physics,113,4,0.98,0
18tsdsi,2023-12-29 22:58:33,Biology,17,1,0.78,0
18tqa3c,2023-12-29 21:26:34,Psychology,38,2,0.88,0
18tpmat,2023-12-29 20:57:29,Environment,965,21,0.98,3
18topja,2023-12-29 20:16:08,Epidemiology,295,9,0.93,0
18tnj56,2023-12-29 19:19:16,Geology,13,0,0.88,0
18t9j7h,2023-12-29 06:10:52,Biology,45,0,0.98,0
18t2faf,2023-12-29 01:05:24,Space,27,0,0.94,0
18t0mkz,2023-12-28 23:49:54,Anthropology,486,82,0.94,1
18syrvm,2023-12-28 22:33:48,Biology,60,6,0.91,0
18svhk9,2023-12-28 20:12:42,Anthropology,316,7,0.99,0
18sns5r,2023-12-28 12:35:23,Astronomy,15,0,0.84,0
18sh1mk,2023-12-28 06:44:07,Interdisciplinary,23,0,0.84,0
18s5puw,2023-12-27 22:45:51,Biology,66,3,0.96,1
18s2q4c,2023-12-27 20:35:37,Cancer,1279,28,0.98,0
18rx5vu,2023-12-27 15:20:57,Space,48,6,0.89,0
18rr4sg,2023-12-27 09:26:36,Paleontology,40,1,0.92,0
18rjrft,2023-12-27 03:42:28,Geology,46,0,0.9,0
18rhce2,2023-12-27 01:54:58,,369,54,0.92,0
18rh56e,2023-12-27 01:46:08,Medicine,14,1,0.71,0
18rh1wh,2023-12-27 01:42:11,Space,49,0,0.93,0
18rd3wc,2023-12-26 22:53:06,Paleontology,59,1,0.97,0
18r9dcf,2023-12-26 20:03:59,,51,0,0.95,0
18r9crw,2023-12-26 20:03:08,,433,3,0.98,0
18r6ycj,2023-12-26 17:48:29,Interdisciplinary,15,0,0.75,0
18qxs2t,2023-12-26 08:16:43,,21,0,0.79,0
18qwh4j,2023-12-26 07:07:51,Social Sciences,25,1,0.82,0
18qrnax,2023-12-26 03:03:45,Environment,315,14,0.95,0
18qn9ks,2023-12-25 23:15:53,Environment,605,171,0.79,0
18qjxiz,2023-12-25 20:13:29,,49,49,0.68,0
18qisrf,2023-12-25 19:05:02,Biology,43,0,0.98,0
18qinhv,2023-12-25 18:56:14,Animal Science,49,2,0.93,0
18qgyz4,2023-12-25 17:00:01,Physics,138,5,0.92,0
18qg0va,2023-12-25 15:46:20,Psychology,68,1,0.96,0
18qfld7,2023-12-25 15:11:38,,1315,143,0.96,1
18qaq78,2023-12-25 09:20:07,Social Sciences,45,1,0.91,0
18q8dwt,2023-12-25 06:46:37,Physics,65,2,0.9,0
18q6ec8,2023-12-25 04:52:41,Animal Science,404,7,0.99,0
18pzckr,2023-12-24 22:44:43,,46,0,0.9,0
18pv25e,2023-12-24 18:46:33,,11,0,1.0,0
18ptg5q,2023-12-24 16:55:22,Medicine,33,0,0.86,2
18pqxdr,2023-12-24 13:44:54,Environment,7,1,0.78,0
18pqjjz,2023-12-24 13:17:44,,16,0,0.76,0
18pk0pl,2023-12-24 06:44:31,Medicine,928,90,0.96,1
18pd1ln,2023-12-24 00:59:52,Environment,55,1,0.92,0
18pcwvy,2023-12-24 00:53:26,Animal Science,513,17,0.97,0
18p9iec,2023-12-23 22:11:18,,85,2,0.98,0
18p8hix,2023-12-23 21:21:56,,0,4,0.28,0
18p7g7k,2023-12-23 20:32:06,Space,23,0,1.0,0
18p0fwo,2023-12-23 12:55:56,Biology,211,10,0.98,0
18p099w,2023-12-23 12:42:44,Medicine,30,1,0.94,0
18otv3g,2023-12-23 06:32:42,,52,1,0.96,1
18omya6,2023-12-23 01:02:41,Environment,49,1,0.93,0
18ojyv8,2023-12-22 22:49:10,Animal Science,48,0,0.9,0
18ojun2,2023-12-22 22:43:38,Interdisciplinary,42,2,0.9,0
18ojdnr,2023-12-22 22:22:59,,390,17,0.97,0
18oiu8p,2023-12-22 21:59:18,Environment,13,0,0.9,0
18ohutj,2023-12-22 21:15:49,,38,0,0.86,0
18ohta0,2023-12-22 21:13:55,,266,1,0.99,0
18oerbm,2023-12-22 18:50:00,Paleontology,18,0,0.93,0
18oe9d7,2023-12-22 18:23:23,Animal Science,81,1,0.99,0
18ocg1t,2023-12-22 16:32:23,Computer Sci,4,0,0.71,0
18o344n,2023-12-22 07:00:38,Medicine,18,1,0.89,0
18o0z9i,2023-12-22 05:18:09,,74,2,0.97,0
18nvox3,2023-12-22 01:25:02,Environment,140,2,0.98,0
18nt6k2,2023-12-21 23:37:00,Astronomy,49,1,0.93,0
18nsxfx,2023-12-21 23:26:15,Astronomy,20,1,0.91,0
18nsn9p,2023-12-21 23:13:54,Environment,68,0,0.95,0
18ns953,2023-12-21 22:57:12,Physics,16,1,0.86,0
18nrahe,2023-12-21 22:14:42,,15,0,0.9,0
18nqxu1,2023-12-21 21:58:44,,374,24,0.98,0
18nqs81,2023-12-21 21:51:45,,28,0,0.85,0
18np6w0,2023-12-21 20:40:34,Cancer,3356,775,0.97,1
18nns0w,2023-12-21 19:34:32,Environment,650,31,0.98,1
18nm1us,2023-12-21 18:05:57,Geology,8,0,0.9,0
18nkonb,2023-12-21 16:44:18,Anthropology,21,0,1.0,0
18n9ifd,2023-12-21 05:48:03,Environment,320,3,0.99,0
18n5ixe,2023-12-21 02:49:37,Anthropology,16,0,0.81,0
18n3so7,2023-12-21 01:34:00,Epidemiology,84,1,0.97,0
18n248z,2023-12-21 00:22:50,Anthropology,407,8,0.98,0
18n22za,2023-12-21 00:21:20,Space,99,10,0.94,0
18mzmjz,2023-12-20 22:41:22,,46,1,0.93,0
18mz65b,2023-12-20 22:22:42,Neuroscience,178,9,0.97,1
18muz09,2023-12-20 19:17:03,Medicine,31,0,0.82,0
18musoz,2023-12-20 19:08:32,Animal Science,233,2,0.98,0
18mubab,2023-12-20 18:44:04,Paleontology,7,0,0.82,0
18mp9yz,2023-12-20 13:22:57,Astronomy,81,3,0.93,0
18mif9l,2023-12-20 07:04:15,Interdisciplinary,15,0,0.79,0
18menb3,2023-12-20 04:08:09,Cancer,100,0,0.98,1
18me9px,2023-12-20 03:51:19,Biology,10,0,0.86,0
18me6ov,2023-12-20 03:47:35,Psychology,17,0,0.83,0
18mdvnc,2023-12-20 03:33:41,Biology,141,4,0.97,1
18mc2uq,2023-12-20 02:17:32,,19,0,0.82,0
18m86ng,2023-12-19 23:34:16,Social Sciences,88,3,0.89,0
18m84o3,2023-12-19 23:31:52,Medicine,447,21,0.94,0
18m6fww,2023-12-19 22:20:27,Biology,35,0,0.89,0
18m6d3l,2023-12-19 22:17:06,Paleontology,44,0,0.9,0
18m57m8,2023-12-19 21:28:00,,83,1,0.95,0
18m3bvt,2023-12-19 20:06:24,Medicine,10,1,0.82,0
18m27q7,2023-12-19 19:14:26,Biology,30,0,0.92,0
18m1efi,2023-12-19 18:33:29,Space,23,0,0.85,0
18m0fo2,2023-12-19 17:41:09,,7,0,0.73,0
18lzwf8,2023-12-19 17:09:14,Animal Science,48,0,0.92,0
18lt10x,2023-12-19 09:50:37,Geology,188,2,0.98,0
18lq22m,2023-12-19 07:22:19,Social Sciences,20,0,0.86,0
18ljpvw,2023-12-19 02:42:28,Psychology,19,0,0.89,0
18lg8mt,2023-12-19 00:20:03,Paleontology,10,0,0.86,0
18ldl5y,2023-12-18 22:31:16,,2431,36,0.98,0
18lbca6,2023-12-18 20:56:47,,29,0,0.95,0
18l8q5u,2023-12-18 19:00:24,Computer Sci,22,0,0.86,0
18l7z1a,2023-12-18 18:22:14,Animal Science,183,9,0.97,0
18l7toz,2023-12-18 18:14:23,Space,144,1,0.97,0
18l5hqn,2023-12-18 15:51:21,Environment,15,6,0.89,0
18l4gvq,2023-12-18 14:39:33,Engineering,24,0,0.92,0
18l2bok,2023-12-18 12:08:17,,19,0,0.87,0
18l0p01,2023-12-18 10:28:20,,18,8,0.79,0
18kymgl,2023-12-18 08:33:50,Anthropology,191,9,0.94,0
18kqtkw,2023-12-18 02:16:31,Biology,89,0,0.96,0
18ko4lj,2023-12-18 00:18:05,Environment,99,3,0.93,0
18kmi2k,2023-12-17 23:04:58,Medicine,93,1,0.98,0
18kl2e3,2023-12-17 22:01:40,,23,0,0.93,0
18kklyx,2023-12-17 21:41:02,,96,7,0.95,0
18kgzmf,2023-12-17 18:37:43,Epidemiology,324,85,0.88,0
18kgssz,2023-12-17 18:27:08,,1376,246,0.93,0
18kgnfa,2023-12-17 18:17:53,,154,39,0.94,1
18k3sgv,2023-12-17 05:08:32,,147,6,0.94,0
18k29gw,2023-12-17 03:54:17,Geology,29,0,0.88,0
18jyztz,2023-12-17 01:17:23,,65,0,0.92,0
18jy2t3,2023-12-17 00:33:09,Biology,343,6,0.98,1
18jv78j,2023-12-16 22:19:19,Biology,56,2,0.93,0
18jtqsk,2023-12-16 21:08:50,,17,2,0.83,0
18jo7h9,2023-12-16 15:37:55,Interdisciplinary,423,46,0.86,0
18jgggo,2023-12-16 07:30:12,,116,1,0.98,0
18jaxde,2023-12-16 03:04:55,,20,1,0.81,0
18j5wt7,2023-12-15 23:22:58,Space,70,1,0.98,0
18j3gjy,2023-12-15 21:34:47,,61,0,0.95,0
18j3eta,2023-12-15 21:32:27,,583,54,0.77,2
18iy0w8,2023-12-15 16:58:17,Astronomy,19,0,0.96,0
18itewd,2023-12-15 11:36:48,Policy ,102,0,0.99,0
18ir7kf,2023-12-15 09:27:31,Space,20,1,0.9,0
18iqhoc,2023-12-15 08:48:58,Social Sciences,7,0,0.63,0
18iomad,2023-12-15 07:10:56,Epidemiology,3,2,0.72,0
18imlb4,2023-12-15 05:30:46,Biology,1563,18,0.99,0
18imaom,2023-12-15 05:16:54,,257,28,0.97,0
18imaeq,2023-12-15 05:16:34,,28,2,0.87,0
18ihqkk,2023-12-15 01:53:34,Environment,17,0,0.84,0
18igon2,2023-12-15 01:06:57,Cancer,2905,60,0.99,0
18ig44t,2023-12-15 00:41:17,Animal Science,198,3,1.0,0
18ifz1i,2023-12-15 00:34:39,Biology,336,25,0.98,0
18ifye3,2023-12-15 00:33:50,Environment,29,0,0.91,0
18ifsgn,2023-12-15 00:26:45,Astronomy,14,0,0.87,0
18ifoq2,2023-12-15 00:22:09,Physics,17,0,0.88,0
18iffid,2023-12-15 00:10:36,Cancer,8,0,0.8,0
18ie9qr,2023-12-14 23:20:11,Neuroscience,27,1,0.93,0
18idhls,2023-12-14 22:46:02,,3,7,0.62,0
18ibs9r,2023-12-14 21:30:09,Astronomy,175,10,0.95,0
18i8lov,2023-12-14 18:57:43,Cancer,304,2,0.99,0
18i87fm,2023-12-14 18:35:22,Biology,80,1,0.96,0
18i7rm1,2023-12-14 18:10:11,Biology,28,0,0.87,0
18i7r6l,2023-12-14 18:09:27,Anthropology,78,6,0.96,0
18i6bb1,2023-12-14 16:37:55,,1,0,0.6,0
18i5l2k,2023-12-14 15:48:02,Environment,30,2,0.87,0
18i4n3d,2023-12-14 14:39:45,,0,0,0.5,0
18i3fgj,2023-12-14 13:10:20,,9,16,0.58,0
18i16ht,2023-12-14 10:44:10,Space,25,0,0.88,0
18hyut3,2023-12-14 08:33:55,Social Sciences,11,0,0.83,0
18htwu1,2023-12-14 04:33:24,Interdisciplinary,17,0,0.82,0
18hsdhv,2023-12-14 03:28:11,Environment,256,10,0.96,0
18hqrk3,2023-12-14 02:18:05,,89,19,0.77,0
18hpf4l,2023-12-14 01:19:52,Medicine,42,0,0.97,0
18housn,2023-12-14 00:55:42,Space,21,0,0.85,0
18hmxp8,2023-12-13 23:33:44,Biology,59,1,0.94,0
18hlt7r,2023-12-13 22:47:15,Psychology,31,1,0.96,0
18hktsj,2023-12-13 22:06:28,Medicine,22,0,0.91,0
18hjj3m,2023-12-13 21:08:35,Neuroscience,36,5,0.94,0
18hicn6,2023-12-13 20:14:54,Animal Science,17,1,0.85,0
18hi644,2023-12-13 20:06:21,Animal Science,38,2,0.85,0
18hhnz2,2023-12-13 19:42:44,Space,70,0,0.96,0
18hh0oi,2023-12-13 19:10:38,Astronomy,665,16,0.95,1
18hd460,2023-12-13 15:03:06,Medicine,48,2,0.94,0
18hcx4m,2023-12-13 14:48:41,Engineering,5,0,0.78,0
18h9kur,2023-12-13 10:57:46,,22,0,0.85,0
18gvk8b,2023-12-13 02:00:08,Environment,177,11,0.97,0
18grpyx,2023-12-12 23:16:41,,12,2,0.89,0
18grj6l,2023-12-12 23:08:52,,683,50,0.95,1
18gqo4v,2023-12-12 22:33:12,,96,9,0.95,0
18gqlwc,2023-12-12 22:30:49,,128,20,0.93,1
18gou75,2023-12-12 21:15:35,Medicine,31,3,0.88,0
18gnzks,2023-12-12 20:37:52,Medicine,149,2,0.99,0
18gnpth,2023-12-12 20:26:15,Biology,444,19,0.98,0
18glw0e,2023-12-12 18:59:54,Animal Science,34,0,0.89,0
18ggmjp,2023-12-12 13:09:03,,24,3,0.8,0
18gayxi,2023-12-12 07:42:21,Social Sciences,142,4,0.95,0
18g6gjt,2023-12-12 04:08:18,Biology,30,0,0.83,0
18g3t7u,2023-12-12 02:19:29,Paleontology,1388,24,0.97,0
18g3m2f,2023-12-12 02:11:04,,298,13,0.98,0
18g31vd,2023-12-12 01:48:17,Environment,53,0,0.87,0
18g1y1h,2023-12-12 01:03:46,Cancer,146,1,0.99,0
18g1bv3,2023-12-12 00:39:13,Biology,11,0,0.76,0
18fyrro,2023-12-11 22:11:42,Environment,46,1,0.91,0
18fww6i,2023-12-11 20:49:45,Biology,8,0,0.8,0
18fwkr8,2023-12-11 20:35:25,Environment,197,19,0.92,1
18fw2sd,2023-12-11 20:12:50,Biology,55,0,0.93,0
18fvbx7,2023-12-11 19:37:15,Biology,19,0,0.89,0
18ftrvj,2023-12-11 18:17:07,Chemistry,23,0,0.85,0
18ffqkv,2023-12-11 04:21:00,Medicine,3853,175,0.98,0
18feanh,2023-12-11 03:16:14,Animal Science,730,15,0.99,0
18fci7q,2023-12-11 01:56:19,Interdisciplinary,63,0,0.94,0
18exlco,2023-12-10 12:15:03,Space,20,0,0.82,0
18esspc,2023-12-10 07:23:02,Medicine,190,4,0.99,0
18eo6h3,2023-12-10 03:28:57,Physics,430,62,0.96,0
18en8ut,2023-12-10 02:43:36,Space,35,0,0.89,0
18emg5b,2023-12-10 02:05:19,Astronomy,48,0,0.97,0
18ekg53,2023-12-10 00:31:53,,46,0,0.89,0
18ek9nf,2023-12-10 00:23:47,,199,9,1.0,0
18egg3u,2023-12-09 21:24:33,Animal Science,500,13,0.98,3
18ealvl,2023-12-09 15:47:54,Medicine,193,2,0.99,1
18e5c05,2023-12-09 09:52:29,Medicine,232,12,0.98,0
18e45qw,2023-12-09 08:45:00,Physics,24,5,0.94,0
18e37q1,2023-12-09 07:53:01,Biology,44,2,0.97,0
18dwxej,2023-12-09 02:46:39,Environment,33,1,0.85,0
18dvoxl,2023-12-09 01:51:02,Psychology,17,1,0.83,0
18dvnqh,2023-12-09 01:49:38,Paleontology,196,7,0.97,0
18dv9ig,2023-12-09 01:32:06,,2,0,0.67,0
18du2l7,2023-12-09 00:38:03,Animal Science,1922,111,0.99,4
18dtuli,2023-12-09 00:28:30,,26,0,0.92,2
18dsems,2023-12-08 23:22:45,Engineering,59,2,0.91,0
18dp8qy,2023-12-08 20:58:15,,13,0,0.82,0
18dnlln,2023-12-08 19:38:19,Biology,60,0,0.96,1
18dlzg1,2023-12-08 18:11:15,Animal Science,32,0,0.9,0
18dkqas,2023-12-08 16:50:46,Space,366,9,0.99,0
18djtyy,2023-12-08 15:47:10,Astronomy,45,0,0.94,0
18dhgj5,2023-12-08 12:52:17,Astronomy,730,23,0.99,1
18dgpys,2023-12-08 12:02:08,Neuroscience,32,0,0.97,0
18ddwuz,2023-12-08 09:19:43,Chemistry,29,1,0.85,0
18dcmoi,2023-12-08 08:11:16,Astronomy,5,0,0.78,0
18d8ryx,2023-12-08 04:56:59,Environment,94,0,0.97,0
18d39ji,2023-12-08 00:54:13,,1008,47,0.98,0
18d1874,2023-12-07 23:23:20,Nanoscience,7,0,0.82,0
18cxbjs,2023-12-07 20:25:09,Environment,10,0,0.85,0
18cwkcp,2023-12-07 19:48:37,Psychology,56,1,0.92,0
18cw6yy,2023-12-07 19:30:18,Space,30,0,0.9,0
18cmtrq,2023-12-07 09:26:14,Interdisciplinary,17,0,0.86,0
18ck33t,2023-12-07 07:04:45,Psychology,94,3,0.99,0
18cffju,2023-12-07 03:27:16,,515,18,0.99,1
18cc13p,2023-12-07 01:01:44,Environment,992,71,0.95,0
18ca0hx,2023-12-06 23:35:18,Biology,227,6,0.98,0
18c9sti,2023-12-06 23:26:43,Neuroscience,35,0,0.9,0
18c93w3,2023-12-06 22:57:13,Medicine,26,0,0.87,0
18c8nko,2023-12-06 22:37:58,Environment,58,0,0.94,0
18c854a,2023-12-06 22:15:52,Medicine,35,1,0.89,0
18c7mhq,2023-12-06 21:52:39,Environment,10,0,0.86,0
18c7619,2023-12-06 21:32:35,Neuroscience,57,0,0.94,0
18c5zt1,2023-12-06 20:39:11,Environment,6,0,0.72,0
18c5i6d,2023-12-06 20:16:34,Medicine,11,0,0.78,2
18c58eu,2023-12-06 20:03:10,Astronomy,20,0,0.88,0
18c4tq3,2023-12-06 19:43:07,Space,6,0,0.69,0
18c3lr7,2023-12-06 18:37:28,Environment,65,1,0.94,0
18c3em4,2023-12-06 18:27:20,Psychology,0,0,0.5,0
18c1g2a,2023-12-06 16:23:26,Space,536,58,0.92,1
18c1fbn,2023-12-06 16:21:49,Environment,161,6,0.95,0
18bqdvq,2023-12-06 05:24:52,Environment,216,4,0.97,0
18bp3jb,2023-12-06 04:30:01,,1534,80,0.98,2
18bluxn,2023-12-06 02:15:18,Biology,15,0,0.87,0
18bhlkd,2023-12-05 23:13:49,,4,0,0.76,0
18bhjp7,2023-12-05 23:11:29,Astronomy,47,1,0.96,0
18bg99c,2023-12-05 22:15:22,,137,9,0.86,0
18bg5ys,2023-12-05 22:11:26,Biology,11,0,0.87,0
18bfq23,2023-12-05 21:52:12,Psychology,24,1,0.93,0
18bf66t,2023-12-05 21:29:11,Biology,481,25,0.98,1
18beoib,2023-12-05 21:10:01,,14,0,0.9,0
18bd76o,2023-12-05 19:59:44,Animal Science,7,0,1.0,0
18bcvxy,2023-12-05 19:44:52,,1625,66,0.98,3
18bcutl,2023-12-05 19:43:19,Animal Science,34,0,0.99,0
18b9vg0,2023-12-05 16:52:01,Space,163,7,0.99,0
18b5l6d,2023-12-05 11:45:07,Astronomy,16,2,0.85,0
18b4s0n,2023-12-05 10:57:05,Social Sciences,1,2,0.6,0
18b1y8n,2023-12-05 08:25:01,Animal Science,35,0,0.94,0
18b1tk8,2023-12-05 08:18:18,Physics,231,16,0.97,0
18b118g,2023-12-05 07:39:20,Environment,20,0,0.9,0
18axobq,2023-12-05 05:00:32,Space,12,1,0.87,0
18axnfb,2023-12-05 04:59:29,Nanoscience,11,0,0.87,1
18avns2,2023-12-05 03:33:23,Cancer,34,0,0.88,0
18au359,2023-12-05 02:25:36,Computer Sci,17,0,0.81,0
18asxqr,2023-12-05 01:36:35,Biology,32,2,0.83,0
18asn2o,2023-12-05 01:24:15,,10,0,0.73,0
18aqhkr,2023-12-04 23:53:14,Medicine,52,1,0.92,0
18aq8at,2023-12-04 23:42:01,Environment,197,6,0.98,0
18aptnx,2023-12-04 23:24:48,,851,22,0.99,2
18am9e2,2023-12-04 20:43:26,Physics,5,0,0.85,1
18am60w,2023-12-04 20:38:42,,12,0,0.82,0
18al9q4,2023-12-04 19:54:20,Paleontology,426,10,0.98,0
18akv1a,2023-12-04 19:33:25,Biology,64,1,0.93,0
18afr0t,2023-12-04 13:47:49,Environment,64,1,0.93,0
18afo1e,2023-12-04 13:41:11,Medicine,27,0,0.88,0
18ac62m,2023-12-04 09:51:43,Neuroscience,19,0,0.84,0
18aa4w6,2023-12-04 08:00:19,Social Sciences,43,2,0.89,0
18a80m4,2023-12-04 06:09:35,Biology,65,6,0.89,0
18a6sle,2023-12-04 05:09:49,,0,29,0.42,0
18a1ck7,2023-12-04 01:10:16,,0,1,0.5,0
18a1cjz,2023-12-04 01:10:15,,4,0,0.66,0
18a1b83,2023-12-04 01:08:43,Medicine,1,0,0.54,0
18a1aue,2023-12-04 01:08:13,,0,0,0.5,0
18a1aht,2023-12-04 01:07:49,,5,0,0.65,0
18a15kb,2023-12-04 01:01:53,,7,0,0.65,0
189zdpr,2023-12-03 23:44:11,Biology,20,0,0.84,0
189yw9m,2023-12-03 23:22:31,Animal Science,0,0,0.5,0
189xpm4,2023-12-03 22:26:51,Biology,33,1,0.88,0
189tws1,2023-12-03 19:21:44,Medicine,213,7,0.96,0
189sapx,2023-12-03 17:43:15,Computer Sci,12,1,0.79,0
189rsuh,2023-12-03 17:09:38,Environment,1670,120,0.95,1
189o0kl,2023-12-03 12:33:00,Medicine,46,3,0.89,0
189gpfo,2023-12-03 05:31:53,Epidemiology,38,1,0.84,0
189a006,2023-12-03 00:06:21,Environment,359,22,0.98,0
1895tpi,2023-12-02 20:46:01,Biology,56,0,0.91,0
1895p1p,2023-12-02 20:39:44,,0,30,0.37,0
1895dzd,2023-12-02 20:24:45,,101,5,0.96,0
1895bo9,2023-12-02 20:21:30,,205,15,0.94,2
188urt5,2023-12-02 09:12:50,Animal Science,1239,38,0.98,2
188sn30,2023-12-02 07:21:16,Neuroscience,6,0,0.75,0
188o4yg,2023-12-02 03:49:57,,236,224,0.82,2
188m1pr,2023-12-02 02:19:11,Animal Science,373,12,0.99,0
188it4i,2023-12-01 23:57:24,Interdisciplinary,29,2,0.92,1
188htuk,2023-12-01 23:15:43,Medicine,147,33,0.88,1
188gx0e,2023-12-01 22:37:04,Biology,37,0,0.94,0
188en5s,2023-12-01 20:59:45,Environment,909,143,0.87,0
188ci5u,2023-12-01 19:28:53,Environment,368,13,0.98,0
1889t91,2023-12-01 17:09:13,Geology,181,7,0.99,1
1888u10,2023-12-01 16:08:11,Biology,18,1,0.81,0
18805cf,2023-12-01 07:39:15,Interdisciplinary,1,0,0.56,0
187zs86,2023-12-01 07:22:08,Animal Science,36,1,0.97,0
187yqz4,2023-12-01 06:34:01,Environment,4,0,0.67,0
187wtat,2023-12-01 05:07:44,Engineering,18,4,0.79,0
187utln,2023-12-01 03:44:17,Neuroscience,24,0,0.89,0
187tbl7,2023-12-01 02:43:45,Environment,15,1,0.84,0
187se1u,2023-12-01 02:04:11,Medicine,8,0,0.76,0
187rbqc,2023-12-01 01:19:50,Medicine,438,6,0.98,0
187ovp7,2023-11-30 23:35:33,,31,0,0.92,0
187o3ye,2023-11-30 23:03:33,,25,1,0.89,1
187nq02,2023-11-30 22:46:58,Astronomy,29,1,0.91,0
187n3h8,2023-11-30 22:19:54,Space,172,4,0.98,0
187lpce,2023-11-30 21:21:22,Environment,33,1,0.87,0
187l7oz,2023-11-30 21:00:25,Space,14,0,0.83,0
187kc9s,2023-11-30 20:21:54,Medicine,10,1,0.79,0
187ikw1,2023-11-30 19:01:03,Space,19,0,0.87,0
187iegt,2023-11-30 18:52:08,Engineering,11,1,0.8,0
187ie1g,2023-11-30 18:51:30,Space,443,6,0.96,0
187hsw2,2023-11-30 18:20:43,,35,3,0.88,0
187ggv1,2023-11-30 17:02:21,Astronomy,428,15,0.99,0
187c9by,2023-11-30 12:18:41,Medicine,77,20,0.68,1
1876s7g,2023-11-30 07:32:57,Environment,22,0,0.84,0
1876bqo,2023-11-30 07:11:59,Interdisciplinary,15,1,0.76,0
18708ps,2023-11-30 02:43:41,Space,0,2,0.46,0
186v6c0,2023-11-29 23:08:01,Space,160,13,0.96,0
186u20z,2023-11-29 22:22:29,Medicine,10,0,0.86,0
186to2b,2023-11-29 22:06:22,,61,3,0.95,0
186sl2s,2023-11-29 21:21:34,Social Sciences,31,1,0.88,0
186s04a,2023-11-29 20:56:39,Environment,276,10,0.96,0
186rpam,2023-11-29 20:43:25,Biology,11,0,0.8,0
186o4q7,2023-11-29 17:50:29,Animal Science,1330,98,0.97,0
186nwy6,2023-11-29 17:37:31,Animal Science,29,1,0.86,0
186no55,2023-11-29 17:23:29,Space,90,1,0.98,1
186iwo0,2023-11-29 11:55:28,Medicine,20,0,0.96,0
186ekd5,2023-11-29 08:08:38,Neuroscience,65,1,0.94,1
186d17h,2023-11-29 06:58:19,Animal Science,811,29,0.98,0
186co4g,2023-11-29 06:41:30,Space,21,0,0.83,0
18684mo,2023-11-29 03:31:18,Environment,32,0,0.88,0
18681on,2023-11-29 03:28:17,Anthropology,13,1,0.79,0
1867v4m,2023-11-29 03:21:01,,2019,274,0.97,1
1866e9p,2023-11-29 02:23:09,Interdisciplinary,21,1,0.79,0
1861ftx,2023-11-28 22:56:15,Space,13,2,0.88,0
186123e,2023-11-28 22:40:01,,41,1,0.94,0
185y0pg,2023-11-28 20:30:38,Cancer,92,2,0.98,0
185xzgx,2023-11-28 20:29:12,,26,0,0.91,0
185xeqb,2023-11-28 20:02:20,Space,92,1,0.99,0
185wjut,2023-11-28 19:23:18,Animal Science,159,15,0.96,3
185wg7e,2023-11-28 19:18:22,Space,17,0,0.92,0
185oooo,2023-11-28 11:05:29,,504,15,0.98,0
185lz7g,2023-11-28 08:36:28,Social Sciences,36,2,0.86,1
185ikwq,2023-11-28 05:56:00,Environment,55,1,0.91,1
185eqdq,2023-11-28 03:16:26,Physics,1314,48,0.98,2
185arl3,2023-11-28 00:35:47,Computer Sci,20,3,0.79,0
1857zx0,2023-11-27 22:43:36,Biology,30,0,0.87,0
18572zf,2023-11-27 22:05:14,Medicine,71,2,0.95,1
1855agy,2023-11-27 20:47:35,Environment,244,49,0.83,0
1854j17,2023-11-27 20:13:15,Paleontology,64,1,0.94,0
1854h8s,2023-11-27 20:11:06,Neuroscience,27,0,0.89,0
184wjca,2023-11-27 12:01:50,Interdisciplinary,773,17,0.98,1
184tmt3,2023-11-27 09:11:29,Environment,514,8,0.98,0
184rtay,2023-11-27 07:40:47,,134,28,0.96,0
184rcj9,2023-11-27 07:17:44,Astronomy,5,0,0.7,0
184mcvh,2023-11-27 03:36:58,Medicine,11,0,0.76,0
184lvqg,2023-11-27 03:17:38,Social Sciences,27,2,0.86,0
184jh6r,2023-11-27 01:38:47,Environment,27,1,0.88,0
184j8fg,2023-11-27 01:28:43,Environment,565,12,0.97,0
184fvit,2023-11-26 23:00:17,Environment,336,18,0.97,0
184cx8r,2023-11-26 20:49:01,,18,1,0.81,0
184cvt4,2023-11-26 20:47:08,Cancer,102,3,0.99,0
184c1ld,2023-11-26 20:06:45,Paleontology,30,0,0.88,0
184aan1,2023-11-26 18:35:14,Medicine,1157,59,0.98,1
18434hw,2023-11-26 10:33:56,Interdisciplinary,523,16,0.99,2
1843065,2023-11-26 10:27:13,Interdisciplinary,72,1,0.95,1
18402oi,2023-11-26 07:46:36,Medicine,38,0,0.9,0
183tnz8,2023-11-26 02:42:03,,217,25,0.97,3
183re4j,2023-11-26 00:57:44,Space,29,0,0.88,0
183ndig,2023-11-25 21:56:04,Space,240,6,0.97,0
183lyyo,2023-11-25 20:51:30,Biology,129,38,0.96,0
183hr9t,2023-11-25 16:55:22,,28,0,0.89,0
183cw92,2023-11-25 11:22:38,Environment,182,4,0.98,1
1835pbz,2023-11-25 05:13:05,,19,0,1.0,0
1834x7t,2023-11-25 04:39:12,Interdisciplinary,58,1,0.91,0
1832drn,2023-11-25 02:47:49,Interdisciplinary,151,9,0.98,0
182xjww,2023-11-24 23:12:02,Paleontology,135,4,0.99,0
182rvta,2023-11-24 18:46:42,Physics,12,0,0.77,0
182qy0f,2023-11-24 17:52:27,,10,1,0.86,0
182qjn8,2023-11-24 17:28:56,Chemistry,151,7,0.99,0
182q5hy,2023-11-24 17:02:52,Interdisciplinary,0,0,0.5,0
182ovff,2023-11-24 15:34:23,Space,1186,64,0.97,1
182lnlc,2023-11-24 11:58:29,Biology,69,1,0.97,0
182ldy5,2023-11-24 11:42:02,Environment,68,6,0.97,0
182hd7f,2023-11-24 07:58:05,,351,17,0.98,0
182gq3q,2023-11-24 07:24:35,Social Sciences,3,0,0.6,0
182dzn1,2023-11-24 05:02:06,Astronomy,59,4,0.98,0
182d660,2023-11-24 04:22:43,Medicine,64,1,0.97,0
182d4v0,2023-11-24 04:21:01,Interdisciplinary,354,10,0.97,0
1823oeh,2023-11-23 21:01:35,Animal Science,56,2,0.91,0
181zyvr,2023-11-23 17:47:52,Neuroscience,35,6,0.96,0
181wg0q,2023-11-23 13:46:12,Environment,2118,88,0.98,0
181viyw,2023-11-23 12:42:58,Environment,44,3,0.91,0
181qha2,2023-11-23 07:47:47,Space,9,1,0.8,0
181p1rm,2023-11-23 06:33:51,Anthropology,8,1,0.99,0
181op50,2023-11-23 06:16:40,Psychology,1075,55,0.98,2
181j37y,2023-11-23 02:10:01,Biology,117,7,0.98,0
181j212,2023-11-23 02:08:30,Biology,33,1,0.94,0
181ilc8,2023-11-23 01:48:03,,944,41,0.94,1
181ibgp,2023-11-23 01:35:54,Paleontology,32,1,0.93,0
181gxzx,2023-11-23 00:35:53,Animal Science,10,0,0.86,0
181fl4m,2023-11-22 23:38:48,,204,8,0.97,2
181eahc,2023-11-22 22:44:57,Psychology,0,2,0.44,0
181dbsu,2023-11-22 22:03:05,Medicine,244,36,0.93,0
181c7l5,2023-11-22 21:19:35,Policy ,85,2,0.98,0
1819hj7,2023-11-22 19:16:54,Space,72,13,0.93,1
18199s3,2023-11-22 19:05:46,Animal Science,46,1,0.91,0
1818mz1,2023-11-22 18:32:59,Animal Science,7,1,0.74,0
1818gbk,2023-11-22 18:23:51,Environment,49,7,0.84,0
18186im,2023-11-22 18:09:03,Environment,185,3,0.98,0
180ywbm,2023-11-22 08:17:11,Medicine,30,2,0.9,0
180xnfw,2023-11-22 07:13:19,Social Sciences,19,10,0.74,0
180wnop,2023-11-22 06:23:21,,44,1,0.94,1
180w0zx,2023-11-22 05:52:50,Mathematics,123,3,0.99,1
180vgfs,2023-11-22 05:26:27,Space,11,2,0.67,0
180mmzs,2023-11-21 23:10:09,Animal Science,60,1,0.97,0
180lec5,2023-11-21 22:17:32,,923,131,0.93,4
180k6ps,2023-11-21 21:25:09,,11,1,0.86,0
180k44f,2023-11-21 21:22:08,Animal Science,3,0,0.59,0
180ji8o,2023-11-21 20:55:22,,25,1,0.96,0
180iq9f,2023-11-21 20:21:19,Neuroscience,394,11,0.99,0
180g8yu,2023-11-21 18:20:38,Environment,114,2,0.99,0
180eku2,2023-11-21 16:40:11,Environment,1648,58,0.99,1
1804u9u,2023-11-21 06:47:59,Interdisciplinary,20,0,0.86,0
1802u0k,2023-11-21 05:14:00,Medicine,402,25,0.98,0
1800ycm,2023-11-21 03:54:57,Physics,0,2,0.45,0
17zvn4e,2023-11-21 00:15:48,Physics,4,0,0.61,0
17zvade,2023-11-21 00:00:48,Biology,13,1,0.93,0
17zsgjz,2023-11-20 22:01:03,,6,0,0.87,0
17zse2z,2023-11-20 21:58:09,Animal Science,100,0,0.96,0
17zs76s,2023-11-20 21:49:52,,42,1,0.96,0
17zqm44,2023-11-20 20:39:34,,60,3,0.93,0
17zpzin,2023-11-20 20:10:24,Paleontology,16,0,0.84,0
17zpqqr,2023-11-20 19:58:43,Medicine,58,2,0.93,0
17zpjsr,2023-11-20 19:49:19,Biology,4,0,0.75,0
17zox1c,2023-11-20 19:18:33,Physics,841,48,0.98,0
17zno38,2023-11-20 18:12:08,Social Sciences,10,0,0.8,0
17znenn,2023-11-20 17:56:51,Space,5,0,0.69,0
17zndv2,2023-11-20 17:55:36,Animal Science,0,14,0.12,0
17zn8ps,2023-11-20 17:46:59,Medicine,137,6,0.95,0
17zguxe,2023-11-20 10:32:18,,7,0,0.78,0
17zfmht,2023-11-20 09:21:46,Environment,2252,46,0.98,0
17zd1ct,2023-11-20 07:09:23,Psychology,36,0,0.89,0
17z50be,2023-11-20 01:08:36,Animal Science,205,5,0.98,0
17z4pm4,2023-11-20 00:55:07,Environment,14,0,0.83,0
17yy9w9,2023-11-19 19:54:19,Animal Science,62,2,0.95,0
17yv5ez,2023-11-19 16:55:21,Space,1243,48,0.98,0
17yr8t1,2023-11-19 12:26:19,Physics,1,1,0.56,0
17yljh0,2023-11-19 06:52:58,Environment,2350,161,0.96,0
17yaeui,2023-11-18 22:13:40,Environment,257,10,0.98,0
17ya3s2,2023-11-18 21:58:55,Epidemiology,33,0,0.91,0
17y9k5t,2023-11-18 21:32:21,,185,7,0.97,0
17y0kjx,2023-11-18 12:15:13,Environment,192,3,0.98,0
17xrsu0,2023-11-18 04:33:15,Medicine,149,1,0.96,0
17xo7je,2023-11-18 01:56:46,Social Sciences,165,19,0.95,1
17xnqh0,2023-11-18 01:35:05,Space,483,13,0.99,0
17xms62,2023-11-18 00:52:38,Biology,64,10,0.96,0
17xksc3,2023-11-17 23:23:54,Medicine,48,3,0.93,0
17xcitf,2023-11-17 16:27:44,Astronomy,54,0,0.93,0
17xccsy,2023-11-17 16:14:46,Medicine,173,1,0.96,0
17x37jj,2023-11-17 06:47:43,Neuroscience,37,0,0.9,1
17x36qy,2023-11-17 06:46:40,Interdisciplinary,13,0,0.74,0
17x11ga,2023-11-17 05:08:05,Interdisciplinary,39,1,0.93,0
17wyaaw,2023-11-17 03:11:20,Medicine,38,1,0.89,0
17wy89m,2023-11-17 03:09:02,Geology,734,31,0.99,0
17wvute,2023-11-17 01:26:52,Space,41,0,0.89,0
17wqukq,2023-11-16 21:49:33,Biology,10,0,0.76,0
17wo0dj,2023-11-16 19:49:59,Medicine,623,18,0.98,1
17wneu1,2023-11-16 19:23:38,Astronomy,28,0,0.86,0
17wklxv,2023-11-16 16:55:34,Astronomy,6,0,0.72,0
17wkcaz,2023-11-16 16:39:58,Astronomy,34,1,0.9,0
17wg56z,2023-11-16 11:58:36,Medicine,170,2,0.99,0
17wcgys,2023-11-16 08:41:50,Astronomy,28,0,0.89,0
17wabu1,2023-11-16 07:04:53,Social Sciences,3,1,0.64,0
17w9fgl,2023-11-16 06:25:33,Chemistry,8,0,0.89,0
17w8sa4,2023-11-16 05:57:41,Biology,89,8,0.91,0
17w5tjb,2023-11-16 03:58:00,Animal Science,4,0,0.67,0
17w557m,2023-11-16 03:32:01,,4,0,0.75,0
17w3wld,2023-11-16 02:41:16,,1859,182,0.97,1
17w26z3,2023-11-16 01:28:44,Computer Sci,233,0,0.99,0
17vyq4t,2023-11-15 22:58:01,,2,0,0.57,0
17vw4yz,2023-11-15 21:01:11,Interdisciplinary,127,9,0.87,0
17vviai,2023-11-15 20:32:25,Space,34,0,0.88,0
17vvh9g,2023-11-15 20:31:12,Space,21,1,0.87,0
17vvg29,2023-11-15 20:29:50,,760,54,0.99,0
17vtgpr,2023-11-15 18:49:16,Astronomy,14,4,0.81,0
17vsqvn,2023-11-15 18:07:41,Medicine,29,0,0.84,0
17vsbwo,2023-11-15 17:41:33,Animal Science,138,1,0.95,0
17vrcl5,2023-11-15 16:37:36,Geology,110,2,0.94,0
17vqiyi,2023-11-15 15:38:41,Animal Science,16,0,0.87,0
17vpmiv,2023-11-15 14:31:23,Social Sciences,22,1,0.88,0
17vo15d,2023-11-15 12:33:11,Cancer,11,0,0.92,0
17ve7zd,2023-11-15 04:00:03,Cancer,332,12,0.97,1
17vdla8,2023-11-15 03:33:23,Environment,18,0,0.73,0
17vcp8k,2023-11-15 02:56:13,Astronomy,47,2,0.91,0
17vcl5g,2023-11-15 02:51:26,Epidemiology,149,6,0.96,0
17v8etr,2023-11-14 23:45:02,,785,46,0.97,0
17v74ni,2023-11-14 22:49:37,Astronomy,27,2,0.86,0
17v6xth,2023-11-14 22:41:13,,7,0,0.78,0
17v4gpc,2023-11-14 20:49:21,Medicine,29,1,0.84,0
17v4ffg,2023-11-14 20:47:41,,7,0,0.79,0
17v3zzl,2023-11-14 20:28:07,,33,0,0.93,1
17v3edb,2023-11-14 19:58:59,Animal Science,260,16,0.97,0
17v37q8,2023-11-14 19:50:00,,2873,188,0.97,3
17v20m6,2023-11-14 18:47:19,Environment,186,8,0.97,0
17v1d06,2023-11-14 18:09:36,Space,17,0,0.95,0
17uz5m8,2023-11-14 15:39:01,Biology,32,1,0.84,0
17uqvx6,2023-11-14 07:03:59,Psychology,3,0,0.64,0
17uo0l1,2023-11-14 04:46:42,Astronomy,14,0,0.86,0
17unsoo,2023-11-14 04:37:21,Engineering,5,0,0.68,0
17ujhno,2023-11-14 01:37:00,Medicine,30,0,0.85,0
17ujgjo,2023-11-14 01:35:41,Astronomy,176,3,0.99,0
17uj706,2023-11-14 01:24:24,Geology,35,0,0.89,0
17ui2uf,2023-11-14 00:37:02,Biology,90,4,0.97,0
17ufu6v,2023-11-13 23:00:43,,1820,124,0.98,1
17ucunu,2023-11-13 20:47:49,Animal Science,322,26,0.95,0
17uae5i,2023-11-13 18:45:14,Medicine,42,0,0.94,0
17u5yk9,2023-11-13 13:35:53,,35,0,0.9,0
17u4ul7,2023-11-13 12:11:45,Medicine,33,1,0.88,0
17tzmlj,2023-11-13 07:07:12,Interdisciplinary,50,2,0.86,0
17tzfqs,2023-11-13 06:57:40,Medicine,343,26,0.97,0
17tyr2j,2023-11-13 06:24:08,Interdisciplinary,19,1,0.85,0
17tyggz,2023-11-13 06:09:46,,12,0,0.77,0
17txob6,2023-11-13 05:31:10,Neuroscience,1298,28,0.98,4
17ttgtg,2023-11-13 02:23:51,Animal Science,86,1,0.95,0
17tm5e3,2023-11-12 20:39:06,,38,0,0.96,0
17tic4k,2023-11-12 16:55:02,Biology,16,0,0.83,0
17tenz0,2023-11-12 12:21:44,Interdisciplinary,66,4,0.95,0
17t6y8a,2023-11-12 04:54:45,,975,41,0.97,0
17t5n4f,2023-11-12 03:53:49,Space,39,0,0.95,0
17t4vyl,2023-11-12 03:20:38,Biology,65,0,0.92,0
17t2ed1,2023-11-12 01:27:32,Anthropology,135,2,0.99,1
17t19m1,2023-11-12 00:35:29,Medicine,11,0,0.93,0
17t0t7k,2023-11-12 00:14:32,Environment,120,9,0.96,0
17szilw,2023-11-11 23:12:51,Computer Sci,290,0,0.99,0
17swx1p,2023-11-11 21:07:12,Psychology,287,21,0.95,0
17sw8ju,2023-11-11 20:33:53,,18,2,0.78,0
17sogya,2023-11-11 11:45:24,Biology,15,0,0.86,0
17so0wo,2023-11-11 11:15:35,Epidemiology,30,1,0.83,0
17sntu1,2023-11-11 11:02:05,Biology,1,0,0.57,0
17snjs7,2023-11-11 10:44:14,Physics,157,5,0.98,0
17slk54,2023-11-11 08:47:05,Medicine,405,14,0.98,1
17sepfs,2023-11-11 03:16:16,Environment,749,38,0.98,0
17sczvw,2023-11-11 01:58:35,Environment,1027,77,0.97,2
17s9nzs,2023-11-10 23:25:22,,21,2,0.81,0
17s9mcj,2023-11-10 23:23:14,Biology,6,1,0.64,0
17s9gp2,2023-11-10 23:16:06,Environment,398,7,0.99,0
17s8z0j,2023-11-10 22:54:06,Medicine,15,0,0.86,0
17s59gy,2023-11-10 20:03:38,Medicine,29,0,0.91,0
17s4ll5,2023-11-10 19:29:49,Animal Science,0,4,0.14,0
17s1ij6,2023-11-10 16:24:08,Biology,96,5,0.93,0
17s04zk,2023-11-10 14:36:53,Social Sciences,2369,339,0.97,1
17rzacu,2023-11-10 13:31:42,Neuroscience,58,2,0.92,0
17ryk72,2023-11-10 12:37:54,Astronomy,93,0,0.98,0
17rthdm,2023-11-10 07:35:59,,902,15,0.99,0
17rr42w,2023-11-10 05:38:34,Animal Science,14,0,0.76,0
17rr1w9,2023-11-10 05:35:34,Physics,4,0,0.7,0
17rnyox,2023-11-10 03:16:28,Environment,1128,53,0.96,0
17rmqb3,2023-11-10 02:22:18,,6,1,0.67,0
17rhqdc,2023-11-09 22:38:49,Biology,10,1,0.76,0
17rh7q8,2023-11-09 22:16:23,Space,11,1,0.74,0
17rgxb3,2023-11-09 22:03:56,Cancer,67,1,0.9,1
17rg2qc,2023-11-09 21:25:52,Biology,22,0,0.85,0
17rfzwx,2023-11-09 21:22:23,Neuroscience,208,3,0.98,0
17rfkrl,2023-11-09 21:03:49,Animal Science,51,17,0.83,0
17re4h6,2023-11-09 19:57:18,Environment,32,2,0.86,0
17rd7yi,2023-11-09 19:13:24,Paleontology,13,0,0.8,0
17rbdc7,2023-11-09 17:29:21,,5,4,0.58,0
17ragmk,2023-11-09 16:29:05,,46,1,0.91,0
17qyel5,2023-11-09 04:33:12,Animal Science,2,0,0.63,0
17qy547,2023-11-09 04:21:54,Animal Science,31,0,0.87,0
17qvr1o,2023-11-09 02:40:17,Geology,151,11,0.98,1
17qt3eu,2023-11-09 00:43:13,,352,31,0.95,0
17qsn2p,2023-11-09 00:23:28,Environment,34,1,0.85,0
17qs5bv,2023-11-09 00:01:20,Policy ,3,0,0.72,0
17qqxve,2023-11-08 23:06:57,Astronomy,19,1,0.92,0
17qq09j,2023-11-08 22:25:46,Animal Science,1771,170,0.98,2
17qnz1i,2023-11-08 20:53:33,Neuroscience,676,20,0.97,0
17qn8oa,2023-11-08 20:18:48,Animal Science,34,0,0.82,0
17qmn9s,2023-11-08 19:49:47,Computer Sci,15,2,0.84,0
17qlmbv,2023-11-08 18:57:10,Environment,58,0,0.91,0
17qgekn,2023-11-08 12:55:04,Computer Sci,5,0,0.66,0
17qeljk,2023-11-08 10:47:50,Medicine,7,0,0.74,0
17q8ynk,2023-11-08 05:52:20,Engineering,105,1,0.96,0
17q8y2a,2023-11-08 05:51:36,Interdisciplinary,37,2,0.86,0
17q3q49,2023-11-08 02:03:43,Astronomy,22,1,0.86,0
17q1r5n,2023-11-08 00:37:23,Astronomy,102,4,0.97,0
17pymv3,2023-11-07 22:21:14,Medicine,35,1,0.93,0
17py9d1,2023-11-07 22:04:18,Computer Sci,0,0,0.5,0
17py1ub,2023-11-07 21:54:58,Space,9,0,0.9,0
17pwp4c,2023-11-07 20:54:17,Animal Science,57,1,0.93,0
17pusp5,2023-11-07 19:24:18,Physics,13,1,0.81,0
17pukhy,2023-11-07 19:12:53,Space,121,3,0.99,0
17pu8vh,2023-11-07 18:56:29,Cancer,16,0,0.99,0
17ptmpw,2023-11-07 18:23:33,Cancer,131,3,0.98,0
17ptl4o,2023-11-07 18:21:06,,10,1,0.86,0
17ptggn,2023-11-07 18:14:03,Neuroscience,42,0,0.94,0
17ptc4k,2023-11-07 18:07:10,Medicine,2752,96,0.99,2
17psdd8,2023-11-07 17:08:38,Biology,34,1,0.92,0
17ps3pt,2023-11-07 16:51:47,,174,6,0.92,0
17pj3bq,2023-11-07 07:05:55,Medicine,78,1,0.96,0
17pgi45,2023-11-07 05:01:10,Interdisciplinary,304,21,0.84,0
17pc2y0,2023-11-07 01:53:55,Anthropology,28,0,0.9,0
17p8pdd,2023-11-06 23:28:59,Environment,55,1,0.94,0
17p7q57,2023-11-06 22:46:48,Biology,105,0,0.98,0
17p6ejq,2023-11-06 21:49:28,,99,11,0.95,0
17p5i23,2023-11-06 21:08:32,,275,13,0.98,0
17p59m5,2023-11-06 20:58:04,,30,0,0.87,0
17p56wt,2023-11-06 20:54:40,Astronomy,32,2,0.91,0
17p3j1m,2023-11-06 19:38:40,Biology,1178,87,0.97,1
17p3ie5,2023-11-06 19:37:45,Environment,72,1,0.96,0
17p2eb9,2023-11-06 18:41:22,Space,30,2,0.85,0
17p250m,2023-11-06 18:27:53,Physics,5,1,0.62,0
17osw64,2023-11-06 08:14:51,Environment,33,0,0.93,0
17ork4q,2023-11-06 07:06:16,Environment,242,4,0.98,0
17or2uq,2023-11-06 06:42:02,Computer Sci,96,10,0.92,0
17oqk9o,2023-11-06 06:16:04,Cancer,36,0,0.91,0
17oll3x,2023-11-06 02:30:56,Biology,942,27,0.98,0
17ohlg2,2023-11-05 23:30:58,Biology,74,4,0.93,0
17og5wa,2023-11-05 22:25:39,Interdisciplinary,14,0,0.77,0
17of321,2023-11-05 21:35:24,Nanoscience,95,0,0.97,0
17oe7gd,2023-11-05 20:53:37,Animal Science,84,6,0.93,0
17o0npm,2023-11-05 06:37:53,Biology,111,94,0.74,0
17nyszn,2023-11-05 05:07:25,Nanoscience,30,3,0.89,0
17nsitz,2023-11-05 00:26:02,Biology,1264,106,0.98,0
17nprg2,2023-11-04 22:18:32,Animal Science,193,1,0.97,0
17no9ts,2023-11-04 21:08:44,,29,1,0.82,0
17nmuyz,2023-11-04 19:59:58,Environment,701,55,0.94,0
17njcua,2023-11-04 16:36:46,Physics,23,0,0.84,0
17ncqe0,2023-11-04 08:48:03,Chemistry,22,1,0.86,0
17ncpqd,2023-11-04 08:47:04,Interdisciplinary,129,14,0.95,0
17ncl9c,2023-11-04 08:40:13,Geology,320,16,0.97,0
17nbv7u,2023-11-04 08:01:06,Cancer,255,4,0.98,0
17n7bg5,2023-11-04 04:17:32,Nanoscience,30,0,0.9,0
17n625k,2023-11-04 03:19:31,Psychology,117,12,0.93,0
17n3lqm,2023-11-04 01:30:17,Astronomy,28,1,1.0,0
17n3k1i,2023-11-04 01:28:09,Biology,53,1,0.95,0
17n2eb9,2023-11-04 00:35:08,Medicine,101,4,0.97,0
17mz5zi,2023-11-03 22:06:32,Space,401,108,0.93,0
17mxfrl,2023-11-03 20:49:33,,5,1,0.78,0
17mxaeu,2023-11-03 20:42:42,Epidemiology,15,0,0.9,0
17muid8,2023-11-03 18:28:12,Medicine,180,6,0.99,0
17mui6a,2023-11-03 18:27:56,Space,48,0,0.92,0
17mu94c,2023-11-03 18:14:23,Anthropology,419,11,0.99,0
17ms8sq,2023-11-03 16:15:37,Space,19,0,0.92,0
17mqbvc,2023-11-03 13:55:42,Space,5,1,0.77,0
17mobzx,2023-11-03 11:29:48,Social Sciences,69,0,0.95,0
17mdx50,2023-11-03 02:41:03,Neuroscience,717,24,0.99,0
17mcgiy,2023-11-03 01:39:29,Environment,50,1,0.92,0
17mbnyw,2023-11-03 01:04:43,Medicine,48,1,0.96,0
17maevb,2023-11-03 00:09:25,,105,9,0.97,0
17m8k9f,2023-11-02 22:47:37,,201,7,0.96,0
17m77tv,2023-11-02 21:49:18,Biology,29,2,0.92,0
17m60ds,2023-11-02 20:56:30,Biology,110,4,0.98,0
17m3oqv,2023-11-02 19:08:27,Psychology,5,0,0.68,0
17m2zje,2023-11-02 18:31:53,Paleontology,303,3,0.99,1
17m2149,2023-11-02 17:39:26,Animal Science,216,6,0.98,0
17m1s82,2023-11-02 17:25:02,Biology,48,0,0.86,0
17lyc80,2023-11-02 13:17:42,Computer Sci,4,1,0.67,0
17ltzu3,2023-11-02 08:30:57,,26,2,0.88,0
17lly7c,2023-11-02 02:21:58,Environment,135,1,0.98,1
17llokn,2023-11-02 02:09:47,Neuroscience,14,0,0.84,0
17lj55d,2023-11-02 00:16:02,Environment,60,1,0.93,0
17liwr0,2023-11-02 00:05:29,Environment,8,0,0.83,0
17liips,2023-11-01 23:48:01,Paleontology,74,5,0.93,0
17li2gn,2023-11-01 23:28:08,Environment,45,1,0.9,0
17lh6v0,2023-11-01 22:49:24,,19,0,0.82,0
17le05e,2023-11-01 20:28:04,Physics,25,3,0.89,0
17lbko5,2023-11-01 18:30:25,Medicine,1637,29,0.99,1
17lbk7l,2023-11-01 18:29:50,Space,342,10,0.99,0
17laach,2023-11-01 17:19:34,Astronomy,20,0,0.88,0
17l9uh9,2023-11-01 16:51:56,Space,333,10,0.96,0
17l9f7y,2023-11-01 16:24:52,,296,108,0.82,1
17l93ln,2023-11-01 16:02:04,,72,1,0.9,1
17l15mg,2023-11-01 07:08:23,Medicine,24,0,0.86,0
17kzc2h,2023-11-01 05:36:35,Medicine,150,0,0.97,2
17kz9gm,2023-11-01 05:33:12,Animal Science,173,18,0.91,1
17kyyes,2023-11-01 05:18:22,Engineering,18,1,0.79,0
17kqsdk,2023-10-31 23:15:03,,301,2,0.98,0
17kqphi,2023-10-31 23:11:28,,4,0,0.7,0
17ko6vo,2023-10-31 21:21:04,Interdisciplinary,43,1,0.9,0
17knt56,2023-10-31 21:04:25,Biology,16,0,0.83,0
17knoh8,2023-10-31 20:58:52,Environment,41,1,0.93,0
17knkgk,2023-10-31 20:54:06,Neuroscience,31,1,0.9,0
17kmc7g,2023-10-31 19:58:29,Paleontology,88,5,0.96,0
17kltg9,2023-10-31 19:34:53,Cancer,86,1,0.95,0
17klsuj,2023-10-31 19:34:05,,3,0,0.72,0
17klduv,2023-10-31 19:14:34,,342,5,0.97,0
17kfhgl,2023-10-31 12:59:33,,17,0,0.84,0
17kcunk,2023-10-31 09:53:48,Engineering,40,0,0.96,0
17kc6sw,2023-10-31 09:14:57,,230,1,0.97,0
17k4484,2023-10-31 02:53:52,Environment,9,0,0.8,0
17jya1w,2023-10-30 22:38:27,Environment,117,1,0.98,0
17juw7a,2023-10-30 20:09:00,Neuroscience,41,0,0.89,0
17juq9l,2023-10-30 20:01:19,Neuroscience,37,0,0.91,0
17jukoo,2023-10-30 19:54:17,Space,86,2,0.95,0
17juj17,2023-10-30 19:52:08,Biology,105,3,0.97,0
17ju5af,2023-10-30 19:33:55,Psychology,467,35,0.96,1
17jlqr0,2023-10-30 10:22:34,Environment,1017,18,0.98,1
17j9yrx,2023-10-30 00:33:28,Biology,52,0,0.93,1
17j7cyz,2023-10-29 22:34:05,,827,29,0.98,1
17j7bs6,2023-10-29 22:32:33,,241,6,0.98,0
17j10fp,2023-10-29 17:02:12,Chemistry,1591,77,0.98,3
17iutsl,2023-10-29 09:30:35,Physics,39,0,0.9,0
17inovi,2023-10-29 03:03:11,Environment,920,21,0.97,1
17ig1lw,2023-10-28 20:53:36,Animal Science,4,0,0.67,0
17if4o3,2023-10-28 20:08:28,Geology,72,0,0.95,1
17ied1l,2023-10-28 19:28:38,Environment,371,6,0.97,1
17idxv9,2023-10-28 19:05:38,Animal Science,90,6,0.98,0
17iaek6,2023-10-28 15:21:46,Environment,149,9,0.93,0
17ia5ta,2023-10-28 15:03:52,Biology,39,1,0.91,0
17i23rm,2023-10-28 06:15:42,Space,6,0,0.8,0
17i0s3z,2023-10-28 05:08:39,,1083,19,0.99,1
17hrjrd,2023-10-27 22:03:21,Anthropology,32,0,0.88,0
17hr6af,2023-10-27 21:46:20,Biology,24,0,0.93,0
17hqreq,2023-10-27 21:28:30,Space,351,3,0.98,1
17hqih7,2023-10-27 21:16:58,Space,13,1,0.79,0
17hojxy,2023-10-27 19:46:52,Animal Science,71,1,0.91,0
17habbp,2023-10-27 05:21:10,,594,16,0.99,0
17h4vaa,2023-10-27 01:16:56,Medicine,18,3,0.91,0
17h3yz3,2023-10-27 00:38:19,Environment,47,8,0.84,0
17h0ymr,2023-10-26 22:22:51,Computer Sci,214,7,0.99,0
17gyghc,2023-10-26 20:29:55,,110,6,0.98,1
17gx9bt,2023-10-26 19:32:52,Space,1082,45,0.97,0
17gvyon,2023-10-26 18:29:32,Space,28,0,0.88,0
17guj2o,2023-10-26 17:11:31,Astronomy,49,3,0.94,0
17ghsbp,2023-10-26 04:29:06,Environment,66,2,0.93,0
17ge12z,2023-10-26 01:49:22,Environment,25,0,0.91,0
17gc289,2023-10-26 00:21:30,Interdisciplinary,144,0,0.98,0
17g8tjq,2023-10-25 21:59:59,Computer Sci,56,3,0.9,0
17g8a6l,2023-10-25 21:36:37,,881,44,0.98,2
17g53ul,2023-10-25 19:11:55,Engineering,36,5,0.9,0
17g4cj2,2023-10-25 18:36:39,Environment,314,12,0.95,0
17g1k5h,2023-10-25 15:51:59,Animal Science,1137,17,0.99,1
17fsfnb,2023-10-25 06:19:30,Space,7,1,0.9,0
17fggjf,2023-10-24 21:40:47,Psychology,48,0,0.9,0
17ff0ue,2023-10-24 20:38:45,Medicine,6,1,0.7,0
17fel6n,2023-10-24 20:19:14,Paleontology,48,1,0.9,0
17fcjl2,2023-10-24 18:44:58,Medicine,3,0,0.8,0
17fc46g,2023-10-24 18:24:53,Animal Science,323,7,0.99,0
17fbsg2,2023-10-24 18:08:11,Biology,21,0,0.9,0
17falz8,2023-10-24 17:02:46,Engineering,46,0,0.92,0
17f9ba7,2023-10-24 15:41:12,Space,1192,32,0.99,0
17f974x,2023-10-24 15:32:58,,82,4,0.92,0
17ey8db,2023-10-24 04:48:48,Interdisciplinary,133,8,0.97,0
17ex0s8,2023-10-24 03:55:39,Environment,21,1,0.84,0
17evq1f,2023-10-24 03:00:19,Environment,265,19,0.97,0
17et9jj,2023-10-24 01:18:31,Biology,12,0,0.87,0
17erdly,2023-10-23 23:59:01,Medicine,669,32,0.97,0
17er7dj,2023-10-23 23:51:40,Interdisciplinary,22,2,0.8,0
17eq978,2023-10-23 23:10:54,Psychology,7,1,0.66,0
17eq6p1,2023-10-23 23:07:47,,64,4,0.95,0
17ejmx3,2023-10-23 18:20:57,Medicine,2761,116,0.95,1
17eihq0,2023-10-23 17:20:40,Space,90,0,0.96,0
17ee005,2023-10-23 12:02:31,Psychology,80,11,0.72,0
17e8lux,2023-10-23 06:47:06,Interdisciplinary,10,1,0.76,0
17dz95m,2023-10-22 23:33:15,Neuroscience,93,1,0.93,0
17dsz2t,2023-10-22 18:42:21,Medicine,118,6,0.96,0
17d3ihl,2023-10-21 19:44:31,,7,1,0.78,0
17d2nq1,2023-10-21 19:02:11,,335,9,0.96,0
17d2j5t,2023-10-21 18:55:44,Physics,21,1,0.87,0
17d08d6,2023-10-21 16:43:45,Environment,102,0,0.94,0
17cnhm4,2023-10-21 04:04:52,Social Sciences,14,0,0.8,0
17cn3ws,2023-10-21 03:47:27,Biology,26,0,0.84,0
17cmqxn,2023-10-21 03:31:17,,597,42,0.98,1
17cm888,2023-10-21 03:08:25,Neuroscience,31,2,0.91,0
17ckaqr,2023-10-21 01:43:01,Computer Sci,56,2,0.9,0
17cjytt,2023-10-21 01:28:23,Interdisciplinary,1052,30,0.97,0
17cd4hg,2023-10-20 20:22:23,Animal Science,19,3,0.68,0
17c9mkh,2023-10-20 17:31:37,Medicine,404,3,0.99,0
17bz6gh,2023-10-20 06:49:15,Geology,0,28,0.49,0
17bs7xe,2023-10-20 01:35:22,Biology,14,1,0.9,0
17bruw5,2023-10-20 01:20:12,,17,1,0.82,0
17bqcwe,2023-10-20 00:15:43,,1042,29,0.98,0
17bo27z,2023-10-19 22:35:55,Neuroscience,17,1,0.88,0
17bjr9v,2023-10-19 19:26:23,Space,506,18,0.98,0
17bjjyy,2023-10-19 19:17:17,,168,6,0.98,1
17bhehv,2023-10-19 17:26:51,Medicine,10,0,0.99,0
17bh0w4,2023-10-19 17:04:36,,30,3,0.97,0
17bfke0,2023-10-19 15:31:54,Astronomy,18,0,0.87,0
17bfdq2,2023-10-19 15:19:17,Space,447,20,0.99,0
17bbmpn,2023-10-19 11:00:03,Environment,12,0,0.83,0
17b4c4m,2023-10-19 04:44:57,Biology,89,10,0.94,0
17b1et5,2023-10-19 02:37:38,,200,4,0.99,0
17b0hv0,2023-10-19 01:58:30,Environment,7,0,0.75,0
17aylkx,2023-10-19 00:36:55,Physics,182,9,0.97,0
17aw6qy,2023-10-18 22:53:47,Computer Sci,0,0,0.13,0
17auut6,2023-10-18 21:57:38,Animal Science,160,2,0.97,0
17atedf,2023-10-18 20:54:35,Interdisciplinary,253,3,0.98,0
17at130,2023-10-18 20:38:21,Biology,18,1,0.82,0
17asxhg,2023-10-18 20:33:55,Cancer,267,11,0.95,0
17as1dl,2023-10-18 19:53:36,Medicine,1,1,0.53,0
17aqqmw,2023-10-18 18:54:34,Computer Sci,19,0,0.92,1
17apx36,2023-10-18 18:15:19,Animal Science,10,1,0.92,0
17apv15,2023-10-18 18:12:17,Environment,108,31,0.86,0
17am40o,2023-10-18 14:28:54,Geology,40,1,0.94,0
17ahuz3,2023-10-18 09:44:19,Environment,42,0,0.9,0
17adhjx,2023-10-18 06:06:30,,238,1,1.0,0
17a833z,2023-10-18 02:09:15,Interdisciplinary,1313,20,0.98,1
17a6w7f,2023-10-18 01:17:22,,33,0,0.92,0
17a5t9b,2023-10-18 00:30:29,Social Sciences,1605,509,0.85,3
17a2iv6,2023-10-17 22:07:26,,35,5,0.91,0
179ygl3,2023-10-17 19:02:27,Animal Science,38,3,0.92,0
179y8jf,2023-10-17 18:51:30,Animal Science,20,0,0.84,0
179wvr2,2023-10-17 17:39:44,Biology,95,3,0.96,0
179wv3j,2023-10-17 17:38:40,Environment,111,52,0.86,0
179wi7h,2023-10-17 17:18:15,Biology,804,58,0.97,1
179uuwn,2023-10-17 15:34:03,Space,249,4,0.99,0
179i5qb,2023-10-17 03:34:12,Environment,9,0,0.92,0
179fhci,2023-10-17 01:44:25,Medicine,124,17,0.9,0
179cxl4,2023-10-16 23:57:50,,82,3,0.95,0
179cpaj,2023-10-16 23:48:13,,306,4,0.98,1
179br75,2023-10-16 23:08:01,Neuroscience,16,0,0.92,1
179anck,2023-10-16 22:21:49,Anthropology,26,1,0.91,0
179alxd,2023-10-16 22:20:13,Medicine,17,0,0.96,0
1797jzz,2023-10-16 20:10:44,Animal Science,40,0,0.96,0
1796s2i,2023-10-16 19:36:08,Cancer,108,2,0.98,0
17969je,2023-10-16 19:12:26,Computer Sci,39,1,0.97,0
17968mr,2023-10-16 19:11:13,Biology,16,0,1.0,0
179668z,2023-10-16 19:07:55,,290,96,0.83,0
1796562,2023-10-16 19:06:22,Environment,67,0,0.92,1
1795muc,2023-10-16 18:40:52,Biology,50,2,0.96,0
1794en0,2023-10-16 17:35:05,Cancer,146,8,0.98,1
1792msd,2023-10-16 15:42:37,Neuroscience,48,0,0.98,0
1791m0u,2023-10-16 14:31:28,Policy ,1147,81,0.97,0
178tzyy,2023-10-16 06:31:33,,2086,32,0.99,0
178n2yv,2023-10-16 01:04:55,Neuroscience,261,7,0.99,0
178mt3o,2023-10-16 00:52:32,Environment,19,0,0.81,0
178m6lm,2023-10-16 00:23:16,Biology,76,1,0.97,0
178kmpu,2023-10-15 23:11:53,Environment,150,4,0.99,0
178j3xr,2023-10-15 21:59:30,Astronomy,5,3,0.73,0
178f0zt,2023-10-15 18:39:53,Environment,56,1,0.91,0
177ydkt,2023-10-15 02:02:17,Astronomy,620,28,0.96,0
177x07x,2023-10-15 00:56:56,Environment,27,0,0.83,0
177wi3u,2023-10-15 00:32:15,,6,0,0.65,0
177v0u5,2023-10-14 23:21:31,Cancer,62,0,0.95,0
177tx75,2023-10-14 22:28:33,Astronomy,26,1,0.84,0
177ra8a,2023-10-14 20:21:27,Medicine,100,1,0.97,0
177pvhc,2023-10-14 19:13:53,Animal Science,45,2,0.88,0
177mw0n,2023-10-14 16:24:45,,6,1,0.64,0
177mdu2,2023-10-14 15:51:37,Space,60,2,0.94,0
177jl2a,2023-10-14 12:28:02,Social Sciences,595,33,0.96,0
177j9dw,2023-10-14 12:05:17,Space,179,37,0.9,0
177byui,2023-10-14 05:03:34,Medicine,19,0,0.87,0
177a74n,2023-10-14 03:40:36,Space,50,0,0.91,0
17792mj,2023-10-14 02:51:28,,28,1,0.84,0
1778wvf,2023-10-14 02:44:36,Anthropology,64,0,0.95,0
1778nkg,2023-10-14 02:33:15,Psychology,30,5,0.86,0
1777m7g,2023-10-14 01:45:36,Environment,29,4,0.78,0
1775xub,2023-10-14 00:26:46,Space,16,0,0.85,0
1771nme,2023-10-13 21:11:54,Cancer,1293,14,0.99,0
1770b2h,2023-10-13 20:11:13,,52,0,0.89,0
177028o,2023-10-13 19:59:44,Environment,5,0,0.7,0
176ywoo,2023-10-13 19:05:23,Medicine,133,10,0.97,0
176vtvq,2023-10-13 16:12:06,Environment,46,2,0.92,0
176oean,2023-10-13 08:04:42,Medicine,42,2,0.86,0
176o3j7,2023-10-13 07:49:08,Medicine,130,4,0.96,0
176mywb,2023-10-13 06:49:35,Environment,367,8,0.95,0
176islt,2023-10-13 03:29:43,,42,6,0.87,0
176bb23,2023-10-12 22:08:27,,26,0,0.88,0
176b7af,2023-10-12 22:03:57,,25,0,0.86,0
1769sno,2023-10-12 21:04:01,Environment,59,0,0.94,1
1769299,2023-10-12 20:32:06,Animal Science,472,21,0.98,0
1768k7a,2023-10-12 20:10:21,Neuroscience,311,28,0.99,0
17680s5,2023-10-12 19:46:00,Environment,11,0,0.88,0
1767gmc,2023-10-12 19:20:03,Physics,8,2,1.0,0
17669vs,2023-10-12 18:22:55,Medicine,150,1,0.97,0
17602zr,2023-10-12 11:50:39,Biology,10,0,0.92,0
175yhle,2023-10-12 10:12:07,,7,1,0.82,0
175wjdg,2023-10-12 08:25:21,Computer Sci,139,28,0.89,0
175r0zy,2023-10-12 04:03:49,,264,87,0.8,1
175oody,2023-10-12 02:25:33,Neuroscience,29,1,0.9,0
175nzxe,2023-10-12 01:57:21,Animal Science,151,13,0.98,0
175ms8y,2023-10-12 01:06:59,Animal Science,144,34,0.96,2
175lcqk,2023-10-12 00:05:45,,812,18,0.97,0
175j95l,2023-10-11 22:37:43,Medicine,21,5,0.86,0
175iz0n,2023-10-11 22:26:22,Astronomy,25,0,0.97,0
175hidi,2023-10-11 21:27:09,Biology,13,0,0.9,0
175gwim,2023-10-11 21:02:29,Medicine,50,0,0.94,0
175fyua,2023-10-11 20:25:40,,687,28,0.98,0
175fl6t,2023-10-11 20:09:57,,4,0,1.0,0
175d9ir,2023-10-11 18:20:12,Biology,11,0,0.88,0
175cgx3,2023-10-11 17:38:43,,62,8,0.91,0
1758aqu,2023-10-11 13:00:42,Medicine,10,0,0.92,0
17570ix,2023-10-11 11:31:13,,23,0,0.96,0
174zh13,2023-10-11 04:57:21,,1699,85,0.97,0
174zetw,2023-10-11 04:54:41,,25,7,0.97,0
174ym2g,2023-10-11 04:19:31,Animal Science,13,0,0.94,0
174tvi9,2023-10-11 01:02:10,Biology,11,1,0.84,0
174te1k,2023-10-11 00:42:30,,541,30,0.97,0
